,pairs,abs_trans_rmse,abs_trans_mean,abs_trans_median,abs_trans_min,abs_trans_max
0,1746.0,0.10310313619837619,0.09635981646782409,0.09244810960942575,0.023415554156083363,0.2561730363370786
