,pairs,trans_rmse,trans_mean,trans_median,trans_std,trans_min,trans_max,rot_rmse,rot_mean,rot_median,rot_std,rot_min,rot_max
0,3048516.0,0.16866959280243235,0.14769840014624033,0.13881094612378903,0.08130101842066319,0.0,0.47461565635510267,4.761665374370691,4.242530070015815,4.112125751995978,2.160331902029024,0.0,11.663975207114689
