,method,mean,std,max,min,scene
0,mono-gt,0.01605707804361979,0.00761390293057167,0.03534102439880371,0.010232369105021158,scene0655_01
1,mono,0.013604036966959636,0.003230797109784375,0.022232611974080402,0.010863463083902994,scene0655_01
2,virtual-gt,0.014883764584859212,0.003272680151622386,0.02085590362548828,0.011382182439168295,scene0655_01
3,virtual,0.01248782475789388,0.003584983695353291,0.022249380747477215,0.00996247927347819,scene0655_01
4,global,0.021559508641560875,0.0028314766929458065,0.027765671412150066,0.01803906758626302,scene0655_01
5,per-class,0.022119188308715825,0.0022885785653683744,0.027347405751546223,0.018666505813598633,scene0655_01
