,pairs,abs_trans_rmse,abs_trans_mean,abs_trans_median,abs_trans_min,abs_trans_max
0,1780.0,0.2741396549425164,0.23347082584282433,0.18252085628995676,0.057272318141053435,0.6119096444367308
