,pairs,trans_rmse,trans_mean,trans_median,trans_std,trans_min,trans_max,rot_rmse,rot_mean,rot_median,rot_std,rot_min,rot_max
0,3168400.0,0.3854156249938483,0.3253717272757875,0.28806902852929117,0.20650089583618017,0.0,1.1893060651522853,11.453483307066568,9.664347221466459,8.689018295047841,6.145563418474826,0.0,29.828128710514516
