,pairs,abs_trans_rmse,abs_trans_mean,abs_trans_median,abs_trans_min,abs_trans_max
0,0.0,1.9533113808889407e-05,5.257338326300245e-05,0.00022772701937730463,0.00015195683199892466,6.267342390958772e-05
