,pairs,abs_trans_rmse,abs_trans_mean,abs_trans_median,abs_trans_min,abs_trans_max
0,10.0,0.004089588804396478,0.0035040587511038445,0.0031925448599858584,0.0004570345788768054,0.0075163199248092704
