,pairs,trans_rmse,trans_mean,trans_median,trans_std,trans_min,trans_max,rot_rmse,rot_mean,rot_median,rot_std,rot_min,rot_max
0,100.0,0.005886982630574689,0.005061507154978569,0.005417829482304601,0.003006025798220091,0.0,0.012544130082907745,0.14371641460631698,0.12523098601767876,0.11683915567677966,0.07050939324899956,0.0,0.29353321875939503
