,pairs,trans_rmse,trans_mean,trans_median,trans_std,trans_min,trans_max,rot_rmse,rot_mean,rot_median,rot_std,rot_min,rot_max
0,0.0,8.149773560156656e-06,1.7258913188941023e-05,0.0001179648332360938,4.5239568529926586e-05,0.0,4.424795975309754e-05,0.003804186515388709,0.003423967169461791,0.002289063751522487,0.0016728514145971916,0.0,0.008964753159340118
