,pairs,abs_trans_rmse,abs_trans_mean,abs_trans_median,abs_trans_min,abs_trans_max
0,1016.0,0.06772495411301975,0.06188284890807588,0.0548782502556882,0.010270127343010057,0.14682306586216892
