,pairs,trans_rmse,trans_mean,trans_median,trans_std,trans_min,trans_max,rot_rmse,rot_mean,rot_median,rot_std,rot_min,rot_max
0,1032256.0,0.10913119953249312,0.09664226397213856,0.09536902066718589,0.05066347464421034,0.0,0.2541963815587294,3.6464597496225184,3.1875366763642954,2.9985530074724225,1.7708636614554258,0.0,9.60568756095846
