,pairs,abs_trans_rmse,abs_trans_mean,abs_trans_median,abs_trans_min,abs_trans_max
0,0.0,4.03054764348752e-05,6.451770398456237e-05,7.037138777996475e-05,0.00010719723095314517,2.9880383220691293e-05
