,pairs,trans_rmse,trans_mean,trans_median,trans_std,trans_min,trans_max,rot_rmse,rot_mean,rot_median,rot_std,rot_min,rot_max
0,100.0,0.0060001414057006056,0.0053817557734289895,0.0056247643283125065,0.0026529227333759744,0.0,0.01105581145871351,0.13534809487249821,0.12212749066906414,0.12789117132729663,0.05834282219214446,0.0,0.22323670706280305
