,pairs,trans_rmse,trans_mean,trans_median,trans_std,trans_min,trans_max,rot_rmse,rot_mean,rot_median,rot_std,rot_min,rot_max
0,0.0,5.169078994246957e-05,5.723080218752929e-05,5.747376854512552e-05,7.44648339628169e-07,0.0,3.086002913417882e-08,0.000794871503556091,0.0008824207835706313,0.0008808832683860023,3.87172521422865e-06,0.0,5.411905327322895e-05
