,pairs,abs_trans_rmse,abs_trans_mean,abs_trans_median,abs_trans_min,abs_trans_max
0,1016.0,0.13776910238120768,0.13162207699346387,0.12767752756139852,0.040500886382292295,0.24780668489246402
