,pairs,trans_rmse,trans_mean,trans_median,trans_std,trans_min,trans_max,rot_rmse,rot_mean,rot_median,rot_std,rot_min,rot_max
0,1032256.0,0.22503511941907858,0.19669860269887018,0.19024498132249548,0.10928185349521448,0.0,0.47402296423995854,10.485406606372608,9.02139839043492,8.830208299022127,5.340032140273153,0.0,21.413322484658334
