,pairs,abs_trans_rmse,abs_trans_mean,abs_trans_median,abs_trans_min,abs_trans_max
0,10.0,0.005414535190686166,0.0051143679366703705,0.004769936344728697,0.002637577821063086,0.009459883877023715
