,pairs,abs_trans_rmse,abs_trans_mean,abs_trans_median,abs_trans_min,abs_trans_max
0,0.0,9.87067385780111e-05,0.0001348222674935157,0.00011532116469546766,0.0004768788501133247,0.00010531318184751517
