,pairs,trans_rmse,trans_mean,trans_median,trans_std,trans_min,trans_max,rot_rmse,rot_mean,rot_median,rot_std,rot_min,rot_max
0,100.0,0.00937980803568321,0.008398071002933319,0.009200871413253195,0.004177564129201225,2.7799010971973594e-17,0.01590352304954863,0.389798434765841,0.34752959110940257,0.37772285883878515,0.1765285241619037,0.0,0.7164089297132105
