,pairs,trans_rmse,trans_mean,trans_median,trans_std,trans_min,trans_max,rot_rmse,rot_mean,rot_median,rot_std,rot_min,rot_max
0,0.0,0.0001923182126461666,0.00019083022981195737,0.0002886182432340232,4.806622368144298e-05,3.248125766576495e-20,0.00013834300586411686,0.009635107691406467,0.009658694126829643,0.008145553702604318,0.002251607795809021,0.0,0.00149718436589677
