,pairs,abs_trans_rmse,abs_trans_mean,abs_trans_median,abs_trans_min,abs_trans_max
0,0.0,1.5126921749168258e-06,3.60328209406998e-05,0.0001291499260078708,8.825174008763802e-05,8.134008459388531e-05
