,pairs,abs_trans_rmse,abs_trans_mean,abs_trans_median,abs_trans_min,abs_trans_max
0,10.0,0.003929635514073952,0.003367240397369778,0.0029136184665197475,0.0005457495985992796,0.006858114510545329
