,pairs,trans_rmse,trans_mean,trans_median,trans_std,trans_min,trans_max,rot_rmse,rot_mean,rot_median,rot_std,rot_min,rot_max
0,0.0,5.5554146204312265e-05,3.4367841932648936e-05,0.0001897522550639939,5.119541643289985e-05,0.0,5.362975834313887e-05,0.00514383147734457,0.004552956776105165,0.0018194536736094418,0.002395129715245693,0.0,0.009092316659289258
