,pairs,trans_rmse,trans_mean,trans_median,trans_std,trans_min,trans_max,rot_rmse,rot_mean,rot_median,rot_std,rot_min,rot_max
0,100.0,0.005753430171159618,0.00493700874337401,0.005506350728537969,0.002954302523821549,0.0,0.01193633507814536,0.14769027810133956,0.12868187727904057,0.12240054886452362,0.07248029184263101,0.0,0.3050219719151724
