,pairs,abs_trans_rmse,abs_trans_mean,abs_trans_median,abs_trans_min,abs_trans_max
0,1016.0,0.15712708020826674,0.1478278575394383,0.15259936028038423,0.024800453935963196,0.28505153211399276
