,pairs,trans_rmse,trans_mean,trans_median,trans_std,trans_min,trans_max,rot_rmse,rot_mean,rot_median,rot_std,rot_min,rot_max
0,1032256.0,0.2447121215778351,0.21267432300330213,0.20479218056863582,0.12103911705498223,0.0,0.5289672713018887,9.070433680311346,7.7618424189361335,7.345385092775312,4.692643722473314,0.0,19.52817988597785
