,pairs,abs_trans_rmse,abs_trans_mean,abs_trans_median,abs_trans_min,abs_trans_max
0,1517.0,0.42566222282564103,0.3761418907957799,0.37205889482670007,0.016006720433784538,0.8338173458378622
