,pairs,trans_rmse,trans_mean,trans_median,trans_std,trans_min,trans_max,rot_rmse,rot_mean,rot_median,rot_std,rot_min,rot_max
0,2301289.0,0.845787400093136,0.6285579168337055,0.4154501396635466,0.5659251464124727,0.0,2.771948839917543,20.851197687230275,15.694539972343401,7.748659575674592,13.727849796981024,0.0,40.858435941126366
