,pairs,abs_trans_rmse,abs_trans_mean,abs_trans_median,abs_trans_min,abs_trans_max
0,10.0,0.004056230198484885,0.0035572136637886977,0.0031809673615858466,0.0011292110470969676,0.008062111180434121
