,pairs,trans_rmse,trans_mean,trans_median,trans_std,trans_min,trans_max,rot_rmse,rot_mean,rot_median,rot_std,rot_min,rot_max
0,100.0,0.00793997197473119,0.006996574147995249,0.007243333997339822,0.003753812082553054,3.878959614448864e-18,0.016330805352058306,0.21363140628787836,0.18569525837363413,0.1885333587062837,0.10562030472445062,0.0,0.3987410962443301
