,pairs,abs_trans_rmse,abs_trans_mean,abs_trans_median,abs_trans_min,abs_trans_max
0,0.0,2.854397737600603e-16,3.360178851607366e-16,1.2013509205031762e-15,2.4332488800316077e-15,1.359094124838402e-15
