,pairs,abs_trans_rmse,abs_trans_mean,abs_trans_median,abs_trans_min,abs_trans_max
0,10.0,0.004186354019572122,0.0038702751418747162,0.003336481794945318,0.0016551062651220378,0.006734421147838944
