,pairs,trans_rmse,trans_mean,trans_median,trans_std,trans_min,trans_max,rot_rmse,rot_mean,rot_median,rot_std,rot_min,rot_max
0,100.0,0.006219305183704044,0.00554914079659567,0.005575646951650485,0.0028083435309102732,0.0,0.012525904490941348,0.16552773401330065,0.14649452029053633,0.14455408818184878,0.07706352089298567,0.0,0.32188647195866243
