,pairs,trans_rmse,trans_mean,trans_median,trans_std,trans_min,trans_max,rot_rmse,rot_mean,rot_median,rot_std,rot_min,rot_max
0,0.0,2.293536354206167e-16,9.464581972044104e-17,0.0,3.1849069493227777e-16,0.0,2.3046374280470723e-17,1.0170870394540319e-13,1.9506854017366247e-13,2.4613922385709617e-14,1.5233069456112083e-13,0.0,0.0
