,pairs,abs_trans_rmse,abs_trans_mean,abs_trans_median,abs_trans_min,abs_trans_max
0,1780.0,0.09915548878008351,0.08989087919558213,0.07615716973522736,0.025501352898423393,0.22016376671408813
