,pairs,trans_rmse,trans_mean,trans_median,trans_std,trans_min,trans_max,rot_rmse,rot_mean,rot_median,rot_std,rot_min,rot_max
0,3168400.0,0.14695061768072903,0.1290883830692073,0.1241942039340486,0.07013911795832643,0.0,0.42631332687119095,4.834931574122327,4.241687272326413,4.049937686134395,2.316933726756665,0.0,12.857752963813844
