,pairs,abs_trans_rmse,abs_trans_mean,abs_trans_median,abs_trans_min,abs_trans_max
0,1746.0,0.18119676935645032,0.16692716399489002,0.15502862320886315,0.018514221981068522,0.36203853247199097
