,pairs,trans_rmse,trans_mean,trans_median,trans_std,trans_min,trans_max,rot_rmse,rot_mean,rot_median,rot_std,rot_min,rot_max
0,3048516.0,0.2764215993700612,0.24281435478785396,0.2289047762616702,0.13199654212100095,0.0,0.6747416136032683,9.959994415770998,8.782676799063921,9.546109162035977,4.694582378566582,0.0,20.044740027459657
