,pairs,abs_trans_rmse,abs_trans_mean,abs_trans_median,abs_trans_min,abs_trans_max
0,10.0,0.003948814963556838,0.0035279787812300873,0.0032697475844156777,0.0012997051988485645,0.007987919230479042
