,pairs,trans_rmse,trans_mean,trans_median,trans_std,trans_min,trans_max,rot_rmse,rot_mean,rot_median,rot_std,rot_min,rot_max
0,100.0,0.0069985541678035225,0.006163169247547086,0.00656743982497371,0.003315886799299688,0.0,0.014138059397566646,0.2035571991757358,0.17721698382524675,0.16715596774262378,0.10014825999563047,0.0,0.3555340480267765
