,pairs,abs_trans_rmse,abs_trans_mean,abs_trans_median,abs_trans_min,abs_trans_max
0,1746.0,0.15648357206442678,0.14825663742769557,0.1459460824290817,0.012361133765301277,0.3333125156258485
