,pairs,trans_rmse,trans_mean,trans_median,trans_std,trans_min,trans_max,rot_rmse,rot_mean,rot_median,rot_std,rot_min,rot_max
0,3048516.0,0.23167349719851416,0.20261593798092062,0.18616037519949605,0.11207348686270606,0.0,0.6202911950872162,8.877981263354924,7.642203857111109,7.421253866275279,4.504544795860629,0.0,19.296531459855423
