,pairs,abs_trans_rmse,abs_trans_mean,abs_trans_median,abs_trans_min,abs_trans_max
0,10.0,0.0050551045619932925,0.004888959998705144,0.004958990037652097,0.002601435206722639,0.006726681569892518
