,pairs,trans_rmse,trans_mean,trans_median,trans_std,trans_min,trans_max,rot_rmse,rot_mean,rot_median,rot_std,rot_min,rot_max
0,100.0,0.008613460845267784,0.007632926494835625,0.007771723519218038,0.003991258054473245,2.776912483567714e-17,0.0156660901108014,0.3815237920509211,0.33339105578272593,0.343591902935976,0.18550150356531833,0.0,0.7328293443560193
