,pairs,trans_rmse,trans_mean,trans_median,trans_std,trans_min,trans_max,rot_rmse,rot_mean,rot_median,rot_std,rot_min,rot_max
0,0.0,0.0,0.0,0.0,0.0,0.0,0.0,6.798699777552591e-17,6.798699777552591e-17,6.798699777552591e-17,3.3993498887762956e-17,0.0,1.3597399555105182e-16
