,pairs,abs_trans_rmse,abs_trans_mean,abs_trans_median,abs_trans_min,abs_trans_max
0,1746.0,0.2274045596512224,0.21699617657889128,0.20458434560613023,0.06675125819745033,0.46504234854351373
