,pairs,trans_rmse,trans_mean,trans_median,trans_std,trans_min,trans_max,rot_rmse,rot_mean,rot_median,rot_std,rot_min,rot_max
0,3048516.0,0.3516581637636123,0.29985240059963064,0.278745521672829,0.18363442398739016,0.0,0.8440601667890629,13.629291749014671,11.62003217778111,12.39660520438086,7.120684251954106,0.0,24.640966653465426
