,pairs,abs_trans_rmse,abs_trans_mean,abs_trans_median,abs_trans_min,abs_trans_max
0,1016.0,0.06686620599934547,0.06379363823043452,0.061417730019944966,0.010283413218417444,0.12865636510623138
