,pairs,trans_rmse,trans_mean,trans_median,trans_std,trans_min,trans_max,rot_rmse,rot_mean,rot_median,rot_std,rot_min,rot_max
0,1032256.0,0.11897920168886846,0.1050724672514529,0.10790301437537497,0.055782091570256966,0.0,0.2647124629532955,3.790119587186492,3.3080595328870537,3.0719096288703187,1.847786670280714,0.0,10.49045694127017
