,pairs,abs_trans_rmse,abs_trans_mean,abs_trans_median,abs_trans_min,abs_trans_max
0,10.0,0.004539903184429927,0.004124193443458745,0.004445691772998937,0.0006901630739783925,0.0070258093311617205
