,pairs,trans_rmse,trans_mean,trans_median,trans_std,trans_min,trans_max,rot_rmse,rot_mean,rot_median,rot_std,rot_min,rot_max
0,100.0,0.007342863350138891,0.00643496567221771,0.0061817341242777725,0.0035367865324603086,2.168404344971009e-19,0.01390897903906436,0.26182606271602765,0.23263015832990042,0.24041378986095582,0.12015030816765615,0.0,0.5120285106138649
