,pairs,abs_trans_rmse,abs_trans_mean,abs_trans_median,abs_trans_min,abs_trans_max
0,1516.0,0.2728021095690526,0.2544388498846773,0.22879768526646138,0.043397931267695235,0.5412582615341928
