,pairs,trans_rmse,trans_mean,trans_median,trans_std,trans_min,trans_max,rot_rmse,rot_mean,rot_median,rot_std,rot_min,rot_max
0,2298256.0,0.5353210233906998,0.45945824706860156,0.45053673020100976,0.27471206250311186,0.0,1.4542749607281105,11.513492114740203,9.739932232094878,9.554701862477378,6.139561937987422,0.0,24.720254620527946
