,pairs,abs_trans_rmse,abs_trans_mean,abs_trans_median,abs_trans_min,abs_trans_max
0,10.0,0.003828171052295914,0.003413348249198782,0.0029081756865704383,0.001572914856435531,0.008099343961568363
