,pairs,abs_trans_rmse,abs_trans_mean,abs_trans_median,abs_trans_min,abs_trans_max
0,0.0,3.6055550369691825e-17,2.028124708295165e-17,3.838413799773442e-16,1.0090550271337786e-16,2.9345297284434407e-16
