,pairs,trans_rmse,trans_mean,trans_median,trans_std,trans_min,trans_max,rot_rmse,rot_mean,rot_median,rot_std,rot_min,rot_max
0,0.0,3.8060283740473106e-17,2.1059214341428613e-17,2.624045221636978e-16,4.206480876464046e-17,1.001543065824773e-18,1.402178176738227e-16,9.07958910036296e-14,1.053783552138193e-13,0.0,1.3380735304158713e-15,0.0,0.0
