,pairs,trans_rmse,trans_mean,trans_median,trans_std,trans_min,trans_max,rot_rmse,rot_mean,rot_median,rot_std,rot_min,rot_max
0,100.0,0.006471726624942154,0.005668241268829126,0.006061992666604462,0.0031231853013113983,5.782411586589357e-19,0.013698066099972657,0.18540242935339446,0.1608878284062272,0.16153655332862601,0.09213667826044529,0.0,0.3595676114004243
