,pairs,abs_trans_rmse,abs_trans_mean,abs_trans_median,abs_trans_min,abs_trans_max
0,0.0,3.3278445535678855e-05,1.1719556670363511e-05,3.37143517015395e-05,9.853276948975861e-05,8.291470085033077e-05
