,pairs,abs_trans_rmse,abs_trans_mean,abs_trans_median,abs_trans_min,abs_trans_max
0,10.0,0.004303881958446841,0.003828323180039023,0.0031334160469186204,0.0013980430060245668,0.007993586399014355
