,pairs,trans_rmse,trans_mean,trans_median,trans_std,trans_min,trans_max,rot_rmse,rot_mean,rot_median,rot_std,rot_min,rot_max
0,100.0,0.006265866720776246,0.005384435331048862,0.004776067765504227,0.0032043869764150647,0.0,0.012773676583570018,0.11498045497516614,0.10099279407958606,0.10113511117561085,0.05496204710112489,0.0,0.22458743452822827
