,pairs,trans_rmse,trans_mean,trans_median,trans_std,trans_min,trans_max,rot_rmse,rot_mean,rot_median,rot_std,rot_min,rot_max
0,0.0,9.076387984051402e-05,9.618853227451402e-05,2.9651544211543276e-05,1.596554542897817e-05,0.0,2.6689880468050276e-05,0.004311563439626727,0.0035756988265717602,0.005487610156496738,0.0024504857310279817,0.0,0.006813767221098244
