,pairs,abs_trans_rmse,abs_trans_mean,abs_trans_median,abs_trans_min,abs_trans_max
0,0.0,3.610563186392882e-16,8.515620101228178e-16,1.4882930379397314e-15,1.3880134991728728e-15,9.840160621728393e-16
