,pairs,abs_trans_rmse,abs_trans_mean,abs_trans_median,abs_trans_min,abs_trans_max
0,10.0,0.0034885054129266072,0.0031768056061533185,0.0027619762246456313,0.0012908440472515106,0.006661573118461941
