,pairs,trans_rmse,trans_mean,trans_median,trans_std,trans_min,trans_max,rot_rmse,rot_mean,rot_median,rot_std,rot_min,rot_max
0,0.0,6.630218878021251e-16,1.0045477574314592e-15,2.132285304748156e-15,4.652168888364951e-16,2.003086131649546e-18,6.309721314696069e-17,1.0178882549659794e-13,1.3475161024832824e-13,1.2509994005211491e-12,3.296278733000497e-14,0.0,6.798699777552591e-17
