,pairs,trans_rmse,trans_mean,trans_median,trans_std,trans_min,trans_max,rot_rmse,rot_mean,rot_median,rot_std,rot_min,rot_max
0,100.0,0.006332040716129685,0.005575692703906587,0.0061680849330112975,0.0030010648947210376,2.3129646346357427e-18,0.012417246349563904,0.20671240231060453,0.18070309981981988,0.1655611319543225,0.10038130794390669,0.0,0.3920160783548485
