,pairs,abs_trans_rmse,abs_trans_mean,abs_trans_median,abs_trans_min,abs_trans_max
0,1746.0,0.09424856015653933,0.08673608107591801,0.0817817671646143,0.008660792993995475,0.23383513741027784
