,pairs,trans_rmse,trans_mean,trans_median,trans_std,trans_min,trans_max,rot_rmse,rot_mean,rot_median,rot_std,rot_min,rot_max
0,3048516.0,0.15311315777641207,0.13374242718314383,0.12634739874017187,0.07418186043700567,0.0,0.4581595524810383,4.863092623409822,4.315153073692293,4.047476818995023,2.238503154265984,0.0,12.907702076752534
