,pairs,abs_trans_rmse,abs_trans_mean,abs_trans_median,abs_trans_min,abs_trans_max
0,1780.0,0.07044248433615034,0.06749896084845382,0.06503100259331877,0.026249801100211422,0.1452187735082139
