,pairs,trans_rmse,trans_mean,trans_median,trans_std,trans_min,trans_max,rot_rmse,rot_mean,rot_median,rot_std,rot_min,rot_max
0,3168400.0,0.1055225196405676,0.09581520126275804,0.0963778708585507,0.04419962226716526,0.0,0.25917810747187287,3.2319287520656395,2.9332557337744483,2.9870562623960613,1.3569308274320113,0.0,7.295899820533425
