,pairs,abs_trans_rmse,abs_trans_mean,abs_trans_median,abs_trans_min,abs_trans_max
0,1016.0,0.1590068601021883,0.14974360350807267,0.1456531011099736,0.022604909887530226,0.28427407896110113
