,pairs,trans_rmse,trans_mean,trans_median,trans_std,trans_min,trans_max,rot_rmse,rot_mean,rot_median,rot_std,rot_min,rot_max
0,1032256.0,0.28063031905170294,0.24148668222926695,0.23753908826770165,0.14292118510171972,0.0,0.6015281558742288,13.31963985379843,11.25054136400221,11.531821112212233,7.12974768866902,0.0,28.262308505581927
