,pairs,abs_trans_rmse,abs_trans_mean,abs_trans_median,abs_trans_min,abs_trans_max
0,1780.0,0.2030166406256324,0.1659380327744754,0.1181782330675681,0.015017899700000373,0.480843443841421
