,pairs,trans_rmse,trans_mean,trans_median,trans_std,trans_min,trans_max,rot_rmse,rot_mean,rot_median,rot_std,rot_min,rot_max
0,3168400.0,0.2872527549695745,0.2375368990268466,0.18990343145428978,0.1614136278741423,0.0,0.8392328256218677,8.001936343109858,6.765615613930566,5.824989444862607,4.272712545097903,0.0,24.278668564367802
