,pairs,abs_trans_rmse,abs_trans_mean,abs_trans_median,abs_trans_min,abs_trans_max
0,10.0,0.003923137624278304,0.0032988074909354732,0.0028695616313795403,0.0001845980210784614,0.0071973146884235575
