,pairs,trans_rmse,trans_mean,trans_median,trans_std,trans_min,trans_max,rot_rmse,rot_mean,rot_median,rot_std,rot_min,rot_max
0,100.0,0.005742400817918301,0.004948378200405172,0.005382889862933032,0.002913458958353239,0.0,0.012436701220739338,0.14546717615921087,0.12762901181536532,0.12845000380442728,0.06979634644049175,0.0,0.28719027992879465
