,pairs,abs_trans_rmse,abs_trans_mean,abs_trans_median,abs_trans_min,abs_trans_max
0,1780.0,0.4535741361538201,0.3859184789037156,0.3699038473199218,0.02540097236512237,1.0265742443742243
