,pairs,trans_rmse,trans_mean,trans_median,trans_std,trans_min,trans_max,rot_rmse,rot_mean,rot_median,rot_std,rot_min,rot_max
0,3168400.0,0.6953997053142734,0.5582269741602529,0.4497214304134316,0.414682452779265,0.0,1.581662241324801,15.781479666071327,13.4393278827621,13.7275704445316,8.272344006595914,0.0,36.62299543207945
