,pairs,abs_trans_rmse,abs_trans_mean,abs_trans_median,abs_trans_min,abs_trans_max
0,10.0,0.003935890309081419,0.0034487245128175304,0.003020330313014224,0.0009170747138937235,0.008076746456063362
