,pairs,abs_trans_rmse,abs_trans_mean,abs_trans_median,abs_trans_min,abs_trans_max
0,0.0,1.953008978358307e-17,8.014300426670426e-18,2.729434556418477e-17,5.577342947811704e-17,1.8628701024340775e-16
