,pairs,trans_rmse,trans_mean,trans_median,trans_std,trans_min,trans_max,rot_rmse,rot_mean,rot_median,rot_std,rot_min,rot_max
0,100.0,0.006938097430911759,0.006067747943146501,0.006522506992821469,0.0033644659099574415,2.8750936556287107e-18,0.014408322301439833,0.20177542917717542,0.1725078352617088,0.16433063220163807,0.10466312909975735,0.0,0.3959006915311793
