,pairs,trans_rmse,trans_mean,trans_median,trans_std,trans_min,trans_max,rot_rmse,rot_mean,rot_median,rot_std,rot_min,rot_max
0,0.0,8.714072198011585e-17,6.761250262025392e-17,2.348629166766227e-16,5.90913061222257e-17,1.738746844665352e-18,8.136574330657297e-18,8.34245319804701e-14,8.24470251786953e-14,0.0,2.4926409617095257e-14,0.0,0.0
